Facility and Room,Chemical Name,CAS,Amount,Assigned SOP,Hazard Description (MyChem)
"FISH TEACH & RSCH, Room 209",1X TRIS/EDTA SOLUTION,,500 ml,SOP-14,Fire Class: No identified hazard at this time | GHS Categories:
"FISH TEACH & RSCH, Room 209",2-IODOACETAMIDE,144-48-9,5 g,SOP-09,Fire Class: Toxic; Sensitizer | GHS Categories: Acute toxicity (Category 3; Oral); Respiratory sensitization (Category 1); Skin sensitization (Category 1)
"FISH TEACH & RSCH, Room 209",2-MERCAPTOETHANOL (REAGENT),60-24-2,100 ml,SOP-01,"Fire Class: Combustible Liquid, Class IIIA; Toxic; Sensitizer; Other Health Hazards - Including Carcinogens; Irritant | GHS Categories: Acute toxicity (Category 2; Derm); Acute toxicity (Category 2; Inh); Acute toxicity (Category 3; Oral); Flammable liquids (Category 4); Reproductive toxicity (Category 2; Suspected of damaging fertility.); Serious eye damage/eye irritation (Category 1); Skin corrosion/irritation (Category 2); Skin sensitization (Category 1); Specific target organ toxicity - repeated exposure (Category 2; Oral); Specific target organ toxicity - single exposure (Category 3; Drowsiness/dizziness)"
"FISH TEACH & RSCH, Room 209","2-PROPANOL BIOREAGENT, FOR MOLECULAR BIOLOGY, >=99.5%",67-63-0,"1,500 ml",SOP-01,"Fire Class: Flammable Liquid, Class IB; Irritant | GHS Categories: Serious eye damage/eye irritation (Category 2A); Flammable liquids (Category 2); Specific target organ toxicity - single exposure (Category 3; Drowsiness/dizziness)"
"FISH TEACH & RSCH, Room 209","3M SODIUM ACETATE SOLUTION, PH 5.2",,51 ml,SOP-14,Fire Class: No identified hazard at this time | GHS Categories: No identified hazards at this time (No Data Available)
"FISH TEACH & RSCH, Room 209",4-METHOXYPHENOL,150-76-5,100 g,SOP-11,Fire Class: Corrosive | GHS Categories: Acute aquatic toxicity (Category 2); Acute toxicity (Category 4; Oral); Chronic aquatic toxicity (Category 3); Serious eye damage/eye irritation (Category 2A); Reproductive toxicity (Category 2; Suspected of damaging fertility or the unborn child.); Skin sensitization (Category 1)
"FISH TEACH & RSCH, Room 209","5-AZACYTIDINE, 99%",320-67-2,1 g,SOP-10,Fire Class: Other Health Hazards - Including Carcinogens | GHS Categories:
"FISH TEACH & RSCH, Room 209",ABSOLUTE ETHANOL,64-17-5,500 ml,SOP-01,Fire Class:  | GHS Categories: Flammable liquids (Category 2); Serious eye damage/eye irritation (Category 2)
"FISH TEACH & RSCH, Room 209",ACETONITRILE,75-05-8,1 l,SOP-01,"Fire Class: Flammable Liquid, Class IB; Irritant | GHS Categories: Acute toxicity (Category 4; Derm); Acute toxicity (Category 4; Inh); Acute toxicity (Category 4; Oral); Flammable liquids (Category 2); Serious eye damage/eye irritation (Category 2)"
"FISH TEACH & RSCH, Room 209",ACETYLCHOLINE CHLORIDE,60-31-1,25 g,SOP-11,Fire Class: Other Health Hazards - Including Carcinogens; Irritant | GHS Categories: Serious eye damage/eye irritation (Category 2A); Skin corrosion/irritation (Category 2); Specific target organ toxicity - single exposure (Category 3; Respiratory irritation)
"FISH TEACH & RSCH, Room 209",AGAROSE,9012-36-6,100 g,SOP-14,Fire Class: No identified hazard at this time | GHS Categories: No identified hazards at this time (No Data Available)
"FISH TEACH & RSCH, Room 209",AGAROSE,9012-36-6,125 g,SOP-14,Fire Class: No identified hazard at this time | GHS Categories: No identified hazards at this time (No Data Available)
"FISH TEACH & RSCH, Room 209","AGAROSE, ULTRAPURE",,100 g,SOP-14,Fire Class: Irritant | GHS Categories: No identified hazards at this time (No Data Available)
"FISH TEACH & RSCH, Room 209",BRILLIANT BLUE R,6104-59-2,10 g,SOP-14,Fire Class: No identified hazard at this time | GHS Categories: No identified hazards at this time (No Data Available)
"FISH TEACH & RSCH, Room 209",BROMOPHENOL BLUE,115-39-9,5 g,SOP-14,Fire Class: No identified hazard at this time | GHS Categories: No identified hazards at this time (No Data Available)
"FISH TEACH & RSCH, Room 209",BUFFER COLUTION PH 7.0 (COLOR-CODED YELLOW),,4 l,SOP-14,Fire Class: No identified hazard at this time | GHS Categories: No identified hazards at this time (No Data Available)
"FISH TEACH & RSCH, Room 209","BUFFER SOLUTION, PH 10.00, COLOR-CODED BLUE",,4 l,SOP-08,Fire Class: No identified hazard at this time | GHS Categories: No identified hazards at this time (No Data Available)
"FISH TEACH & RSCH, Room 209","BUFFER SOLUTION, PH 4.00, COLOR-CODED RED",,4 l,SOP-07,Fire Class: No identified hazard at this time | GHS Categories: No identified hazards at this time (No Data Available); Hazard Not Otherwise Classified (No Data Available)
"FISH TEACH & RSCH, Room 209",CALCIUM CHLORIDE,10043-52-4,500 g,SOP-14,Fire Class: Irritant | GHS Categories: Serious eye damage/eye irritation (Category 2A)
"FISH TEACH & RSCH, Room 209",CHLOROFORM,67-66-3,2 l,SOP-03,Fire Class: Other Health Hazards - Including Carcinogens; Irritant | GHS Categories: Acute aquatic toxicity (Category 3); Acute toxicity (Category 4; Inh); Acute toxicity (Category 4; Oral); Carcinogenicity (Category 2; Unspecified); Serious eye damage/eye irritation (Category 2A); Reproductive toxicity (Category 2; Suspected of damaging fertility or the unborn child.); Skin corrosion/irritation (Category 2); Specific target organ toxicity - repeated exposure (Category 2; Unspecified); Specific target organ toxicity - single exposure (Category 3; Drowsiness/dizziness)
"FISH TEACH & RSCH, Room 209",CHLOROFORM - ISOAMYL ALCOHOL MIXTURE,,100 ml,SOP-03,Fire Class: Other Health Hazards - Including Carcinogens; Irritant | GHS Categories: Acute aquatic toxicity (Category 3); Acute toxicity (Category 3; Inh); Acute toxicity (Category 4; Oral); Carcinogenicity (Category 2; Unspecified); Chronic aquatic toxicity (Category 3); Reproductive toxicity (Category 2; Suspected of damaging fertility or the unborn child.); Serious eye damage/eye irritation (Category 1); Skin corrosion/irritation (Category 2); Specific target organ toxicity - repeated exposure (Category 1; Unspecified); Specific target organ toxicity - single exposure (Category 3; Drowsiness/dizziness)
"FISH TEACH & RSCH, Room 209","CHLOROFORM, STABILIZED WITH ETHANOL",67-66-3,1 l,SOP-01,Fire Class: Toxic; Other Health Hazards - Including Carcinogens; Irritant | GHS Categories: Acute toxicity (Category 3; Inh); Acute toxicity (Category 4; Oral); Carcinogenicity (Category 2; Unspecified); Reproductive toxicity (Category 2; Suspected of damaging fertility or the unborn child.); Skin corrosion/irritation (Category 2); Specific target organ toxicity - repeated exposure (Category 2; Unspecified); Specific target organ toxicity - single exposure (Category 3; Drowsiness/dizziness); Serious eye damage/eye irritation (Category 2)
"FISH TEACH & RSCH, Room 209",CITRATE SYNTHASE ASSAY KIT,,125 ml,SOP-14,NOT CLASSIFIED
"FISH TEACH & RSCH, Room 209",COPPER(II) NITRATE HYDRATE 99.999% TRACE METALS BASIS,13778-31-9,5 g,SOP-12,"Fire Class: Oxidizer, Class 1; Corrosive; Other Health Hazards - Including Carcinogens | GHS Categories: Acute aquatic toxicity (Category 1); Acute toxicity (Category 4; Oral); Chronic aquatic toxicity (Category 1); Oxidizing solids (Category 2); Serious eye damage/eye irritation (Category 1); Skin corrosion/irritation (Category 2)"
"FISH TEACH & RSCH, Room 209","DECON’S ETHANOL, 200 PROOF",64-17-5,16 fl,SOP-01,"Fire Class: Flammable Liquid, Class IB; Irritant | GHS Categories: Serious eye damage/eye irritation (Category 2A); Flammable liquids (Category 2)"
"FISH TEACH & RSCH, Room 209",DEOXYRIBONUCLEASE I,,100 ul,SOP-13,Fire Class: No identified hazard at this time | GHS Categories:
"FISH TEACH & RSCH, Room 209",DEPC,1609-47-8,5 ml,SOP-09,"Fire Class: Combustible Liquid, Class IIIA | GHS Categories: Acute toxicity (Category 4; Oral); Flammable liquids (Category 4)"
"FISH TEACH & RSCH, Room 209",DIMETHYL SULFOXIDE FOR MOLECULAR BIOLOGY,67-68-5,100 ml,SOP-02,"Fire Class: Combustible Liquid, Class IIIA; Other Health Hazards - Including Carcinogens; Irritant | GHS Categories: Flammable liquids (Category 4)"
"FISH TEACH & RSCH, Room 209",DNA/RNA SHIELD,,250 ml,SOP-05,Fire Class: Irritant | GHS Categories: Acute toxicity (Category 4; Oral); Serious eye damage/eye irritation (Category 2B); Skin corrosion/irritation (Category 2)
"FISH TEACH & RSCH, Room 209","DNAZOL, DNAZOL ES (EXTRA STRENGTH), DNAZOL BD (BLOOD)",,500 ml,SOP-05,Fire Class: Corrosive | GHS Categories: Acute toxicity (Category 4; Derm); Acute toxicity (Category 4; Oral); Serious eye damage/eye irritation (Category 1); Skin corrosion/irritation (Category 1)
"FISH TEACH & RSCH, Room 209","DNAZOL, DNAZOL ES (EXTRA STRENGTH), DNAZOL BD (BLOOD)",,50 ml,SOP-05,Fire Class: Corrosive | GHS Categories: Acute toxicity (Category 4; Derm); Acute toxicity (Category 4; Oral); Serious eye damage/eye irritation (Category 1); Skin corrosion/irritation (Category 1)
"FISH TEACH & RSCH, Room 209",DPBS,,500 ml,SOP-14,Fire Class: No identified hazard at this time | GHS Categories: No identified hazards at this time (No Data Available)
"FISH TEACH & RSCH, Room 209",DPBS,,500 ml,SOP-14,Fire Class: No identified hazard at this time | GHS Categories: No identified hazards at this time (No Data Available)
"FISH TEACH & RSCH, Room 209","DULBECCO'S PHOSPHATE-BUFFERED SALINE NO CA,NO MAG NO PHENOL RED, NO SODIUM PYRUVATE",,1 l,SOP-14,Fire Class: No identified hazard at this time | GHS Categories: No identified hazards at this time (No Data Available)
"FISH TEACH & RSCH, Room 209",ETHANOL 190 PROOF,64-17-5,41 gl,SOP-01,"Fire Class: Flammable Liquid, Class IB; Irritant | GHS Categories: Serious eye damage/eye irritation (Category 2A); Flammable liquids (Category 2)"
"FISH TEACH & RSCH, Room 209",ETHANOL FOR MOLECULAR BIOLOGY,64-17-5,4 pt,SOP-01,"Fire Class: Flammable Liquid, Class IB; Other Health Hazards - Including Carcinogens; Irritant | GHS Categories: Serious eye damage/eye irritation (Category 2A); Flammable liquids (Category 2)"
"FISH TEACH & RSCH, Room 209",ETHIDIUM BROMIDE,1239-45-8,1 g,SOP-06,Fire Class: Highly Toxic; Other Health Hazards - Including Carcinogens; Irritant | GHS Categories: Acute toxicity (Category 2; Inh); Acute toxicity (Category 4; Oral); Germ cell mutagenicity (Category 2)
"FISH TEACH & RSCH, Room 209","ETHYL ALCHOL. ANHYDROUS, DENATURED",,4 l,SOP-01,NOT CLASSIFIED
"FISH TEACH & RSCH, Room 209",ETHYLENEDIAMINE TETRAACETIC ACID DISODIUM SALT DIHYDRATE,6381-92-6,500 g,SOP-14,Fire Class: Irritant | GHS Categories:
"FISH TEACH & RSCH, Room 209",FORMALDEHYDE SOLUTION 37%,,1 gl,SOP-04,"Fire Class: Combustible Liquid, Class II; Corrosive; Toxic; Sensitizer; Other Health Hazards - Including Carcinogens | GHS Categories: Acute toxicity (Category 3; Derm); Acute toxicity (Category 3; Inh); Acute toxicity (Category 3; Oral); Carcinogenicity (Category 1A; Unspecified); Flammable liquids (Category 3); Germ cell mutagenicity (Category 2); Serious eye damage/eye irritation (Category 1); Skin corrosion/irritation (Category 1B); Skin sensitization (Category 1); Specific target organ toxicity - repeated exposure (Category 1; Unspecified); Specific target organ toxicity - single exposure (Category 1; Unspecified)"
"FISH TEACH & RSCH, Room 209",HYCLONE ANTIBIOTIC/ANTIMYCOTIC SOLUTION,,"1,000 ml",SOP-13,NOT CLASSIFIED
"FISH TEACH & RSCH, Room 209",IGEPAL(R) CA-630,9002-93-1,100 ml,SOP-14,Fire Class: Irritant | GHS Categories: Acute aquatic toxicity (Category 1); Acute toxicity (Category 4; Oral); Chronic aquatic toxicity (Category 1); Serious eye damage/eye irritation (Category 1); Skin corrosion/irritation (Category 2)
"FISH TEACH & RSCH, Room 209",LIBERASE TM RESEARCH GRADE 10 MG,,10 mg,SOP-13,Fire Class: Irritant | GHS Categories: Serious eye damage/eye irritation (Category 2A); Respiratory sensitization (Category 1); Skin corrosion/irritation (Category 2); Specific target organ toxicity - single exposure (Category 3; Respiratory irritation)
"FISH TEACH & RSCH, Room 209",LYSYL ENDOPEPTIDASE,,2 ug,SOP-13,NOT CLASSIFIED
"FISH TEACH & RSCH, Room 209",METHYL SULFOXIDE,67-68-5,2 l,SOP-02,"Fire Class: Combustible Liquid, Class IIIA; Other Health Hazards - Including Carcinogens; Irritant | GHS Categories: Flammable liquids (Category 4)"
"FISH TEACH & RSCH, Room 209",MOLECULAR BIOLOGY GRADE ETHANOL,64-17-5,4 l,SOP-01,Fire Class:  | GHS Categories: Flammable liquids (Category 2); Serious eye damage/eye irritation (Category 2)
"FISH TEACH & RSCH, Room 209",PAXGENE TISSUE DNA KIT,,500 ml,SOP-05,NOT CLASSIFIED
"FISH TEACH & RSCH, Room 209",PAXGENE TISSUE RNA KIT,,600 ml,SOP-05,NOT CLASSIFIED
"FISH TEACH & RSCH, Room 209",PAXGENE TISSUE STABILIZER CONCENTRATE,,500 ml,SOP-05,NOT CLASSIFIED
"FISH TEACH & RSCH, Room 209","PHOSPHATE BUFFERED SALINE PH 7.4, LIQUID, STERILE-FILTERED, SUITABLE FOR CELL CULTURE",,1 l,SOP-14,Fire Class: No identified hazard at this time | GHS Categories: No identified hazards at this time (No Data Available)
"FISH TEACH & RSCH, Room 209",PICO METHYL-SEQ LIBRARY PREP KIT,,50 ml,SOP-05,NOT CLASSIFIED
"FISH TEACH & RSCH, Room 209",POLY(I:C) (HMW),,50 mg,SOP-11,NOT CLASSIFIED
"FISH TEACH & RSCH, Room 209",QUICK-DNA MINIPREP PLUS KIT,,15 ml,SOP-05,"Fire Class: Flammable Liquid, Class IB; Corrosive | GHS Categories: Acute toxicity (Category 4; Derm); Acute toxicity (Category 4; Inh); Acute toxicity (Category 4; Oral); Chronic aquatic toxicity (Category 3); Flammable liquids (Category 2); Serious eye damage/eye irritation (Category 1); Skin corrosion/irritation (Category 1C); Specific target organ toxicity - single exposure (Category 3; Respiratory irritation)"
"FISH TEACH & RSCH, Room 209",RESAZURIN SODIUM SALT,62758-13-8,15 g,SOP-11,Fire Class: Irritant | GHS Categories: Serious eye damage/eye irritation (Category 2A); Skin corrosion/irritation (Category 2); Specific target organ toxicity - single exposure (Category 3; Respiratory irritation)
"FISH TEACH & RSCH, Room 209",RESAZURIN SODIUM SALT,62758-13-8,50 g,SOP-11,Fire Class: Irritant | GHS Categories: Serious eye damage/eye irritation (Category 2A); Skin corrosion/irritation (Category 2); Specific target organ toxicity - single exposure (Category 3; Respiratory irritation)
"FISH TEACH & RSCH, Room 209",RNALATER,,"1,000 ml",SOP-14,Fire Class: No identified hazard at this time | GHS Categories: No identified hazards at this time (No Data Available)
"FISH TEACH & RSCH, Room 209",RNAZOL RT,,300 ml,SOP-05,Fire Class: Corrosive | GHS Categories: Acute toxicity (Category 4; Derm); Acute toxicity (Category 4; Inh); Acute toxicity (Category 4; Oral); Serious eye damage/eye irritation (Category 1); Skin corrosion/irritation (Category 1B); Specific target organ toxicity - repeated exposure (Category 2; Unspecified)
"FISH TEACH & RSCH, Room 209",SEROTONIN CREATININE SULFATE MONOHYDRATE,61-47-2,1 g,SOP-11,Fire Class:  | GHS Categories: Reproductive toxicity (Category 2; Suspected of damaging fertility or the unborn child.)
"FISH TEACH & RSCH, Room 209","SUCROSE FOR MOLECULAR BIOLOGY, >=99.5% (GC)",57-50-1,500 g,SOP-14,Fire Class: No identified hazard at this time | GHS Categories: Combustible dust (No Data Available)
"FISH TEACH & RSCH, Room 209",TCEP,51805-45-9,2 g,SOP-09,Fire Class: Corrosive | GHS Categories: Serious eye damage/eye irritation (Category 1); Skin corrosion/irritation (Category 1B)
"FISH TEACH & RSCH, Room 209","TECHNICAL BUFFER PH 4.01, 250ML",,250 ml,SOP-07,Fire Class: No identified hazard at this time | GHS Categories: No identified hazards at this time (No Data Available)
"FISH TEACH & RSCH, Room 209","TECHNICAL BUFFER PH 7.00, 250ML",,250 ml,SOP-14,Fire Class: No identified hazard at this time | GHS Categories: No identified hazards at this time (No Data Available)
"FISH TEACH & RSCH, Room 209","TECHNICAL BUFFER PH 9.21, 250ML",,250 ml,SOP-14,Fire Class: No identified hazard at this time | GHS Categories: No identified hazards at this time (No Data Available)
"FISH TEACH & RSCH, Room 209",TRI REAGENT,,100 ml,SOP-05,Fire Class: Corrosive; Toxic; Other Health Hazards - Including Carcinogens | GHS Categories: Acute toxicity (Category 4; Derm); Acute toxicity (Category 4; Inh); Acute toxicity (Category 4; Oral); Skin corrosion/irritation (Category 1B)
"FISH TEACH & RSCH, Room 209",TRI-REAGENT,,100 ml,SOP-05,Fire Class: Corrosive; Toxic; Other Health Hazards - Including Carcinogens | GHS Categories:
"FISH TEACH & RSCH, Room 209","TRIS-EDTA, 1X SOLUTION PH 8.0",,100 ml,SOP-14,Fire Class: No identified hazard at this time | GHS Categories:
"FISH TEACH & RSCH, Room 209",TRIS(HYDROXYMETHYL)AMINOMETHANE,77-86-1,1 kg,SOP-14,Fire Class: No identified hazard at this time | GHS Categories: No identified hazards at this time (No Data Available)
"FISH TEACH & RSCH, Room 209",TRIZMA(TM) HYDROCHLORIDE BUFFER SOLUTION,,0.5 kg,SOP-14,Fire Class: No identified hazard at this time | GHS Categories: No identified hazards at this time (No Data Available)
"FISH TEACH & RSCH, Room 209",TRIZOL LS REAGENT,,100 ml,SOP-05,Fire Class: Corrosive; Toxic; Other Health Hazards - Including Carcinogens | GHS Categories: Acute toxicity (Category 3; Derm); Acute toxicity (Category 3; Inh); Acute toxicity (Category 3; Oral); Germ cell mutagenicity (Category 2); Serious eye damage/eye irritation (Category 1); Skin corrosion/irritation (Category 1B); Specific target organ toxicity - repeated exposure (Category 2; Unspecified); Specific target organ toxicity - single exposure (Category 3; Respiratory irritation and drowsiness/dizziness)
"FISH TEACH & RSCH, Room 209",TRYPAN BLUE SOLUTION,,100 ml,SOP-14,Fire Class: Other Health Hazards - Including Carcinogens | GHS Categories:
"FISH TEACH & RSCH, Room 213",CARBON DIOXIDE,124-38-9,55 lb,SOP-15,Fire Class: Inert Compressed Gas | GHS Categories: Gases under pressure (Liquefied gas)
"FISH TEACH & RSCH, Room 213",GLACIAL ACETIC ACID,64-19-7,2.5 l,SOP-07,"Fire Class: Combustible Liquid, Class II; Corrosive | GHS Categories: Flammable liquids (Category 3); Serious eye damage/eye irritation (Category 1); Skin corrosion/irritation (Category 1A)"
"FISH TEACH & RSCH, Room 213",HYCLONE (TM) PENICILLIN-STREPTOMYCIN SOLUTION,,100 ml,SOP-13,Fire Class: Sensitizer | GHS Categories: Respiratory sensitization (Category 1); Skin sensitization (Category 1)
"FISH TEACH & RSCH, Room 213",HYCLONE ANTIBIOTIC ANTIMYCOTIC (PEN/STREP/FUNGIZONE) SOLUTION,,200 ml,SOP-13,NOT CLASSIFIED
"FISH TEACH & RSCH, Room 213",HYDROCHLORIC ACID 10%-33%,7647-01-0,1 l,SOP-07,Fire Class: Corrosive | GHS Categories: Corrosive to metals (Category 1); Serious eye damage/eye irritation (Category 1); Skin corrosion/irritation (Category 1B); Specific target organ toxicity - single exposure (Category 3; Respiratory irritation and drowsiness/dizziness)
"FISH TEACH & RSCH, Room 213","HYDROCHLORIC ACID SOLUTION, 0.2N (CERTIFIED)",,500 ml,SOP-07,Fire Class: Corrosive; Irritant | GHS Categories: Corrosive to metals (Category 1); Skin corrosion/irritation (Category 2); Serious eye damage/eye irritation (Category 2)
"FISH TEACH & RSCH, Room 213",PH 10.01 BUFFER,,19 l,SOP-08,Fire Class: No identified hazard at this time | GHS Categories: No identified hazards at this time (No Data Available)
"FISH TEACH & RSCH, Room 213",PH 4.01 BUFFER,,19 l,SOP-07,Fire Class: No identified hazard at this time | GHS Categories: No identified hazards at this time (No Data Available)
"FISH TEACH & RSCH, Room 213",PH 7.00 BUFFER,,19 l,SOP-14,Fire Class: No identified hazard at this time | GHS Categories: Skin corrosion/irritation (Category 2); Specific target organ toxicity - repeated exposure (Category 2; Unspecified); Serious eye damage/eye irritation (Category 2)
"FISH TEACH & RSCH, Room 213",QUICK-DNA/RNA MINIPREP PLUS KIT,,200 ml,SOP-05,NOT CLASSIFIED
"FISH TEACH & RSCH, Room 213",SODIUM HYDROXIDE,1310-73-2,500 g,SOP-08,"Fire Class: Water Reactive, Class 1; Corrosive | GHS Categories: Corrosive to metals (Category 1); Serious eye damage/eye irritation (Category 1); Skin corrosion/irritation (Category 1A); Specific target organ toxicity - single exposure (Category 3; Respiratory irritation)"
"FISH TEACH & RSCH, Room 213",SODIUM HYDROXIDE SOLUTION,1310-73-2,1 l,SOP-08,"Fire Class: Water Reactive, Class 1; Corrosive | GHS Categories: Corrosive to metals (Category 1); Serious eye damage/eye irritation (Category 1); Skin corrosion/irritation (Category 1A); Specific target organ toxicity - single exposure (Category 3; Drowsiness/dizziness)"
"FISH TEACH & RSCH, Room 213",SODIUM HYDROXIDE SOLUTION,1310-73-2,1 l,SOP-08,"Fire Class: Water Reactive, Class 1; Corrosive | GHS Categories: Corrosive to metals (Category 1); Serious eye damage/eye irritation (Category 1); Skin corrosion/irritation (Category 1A); Specific target organ toxicity - single exposure (Category 3; Drowsiness/dizziness)"
"FISH TEACH & RSCH, Room 213",SULFURIC ACID 90%-100%,7664-93-9,500 ml,SOP-07,"Fire Class: Oxidizer, Class 1; Water Reactive, Class 2; Corrosive; Other Health Hazards - Including Carcinogens | GHS Categories: Acute aquatic toxicity (Category 3); Carcinogenicity (Category 1A; Unspecified); Corrosive to metals (Category 1); Serious eye damage/eye irritation (Category 1); Skin corrosion/irritation (Category 1); Specific target organ toxicity - single exposure (Category 3; Drowsiness/dizziness)"
"FISH TEACH & RSCH, Room 213",ZIRCONIUM OXIDE,,400 mg,SOP-12,NOT CLASSIFIED
